<GDAL_WMS>
    <Service name="AGS">
        <ServerUrl>http://pkk5.rosreestr.ru/arcgis/rest/services/Cadastre/ZONES/MapServer</ServerUrl>
        <ImageFormat>png32</ImageFormat>
        <Transparent>true</Transparent>
        <ImageSR>102100</ImageSR>
        <Layers>show:1</Layers>
        <BBoxOrder>xyXY</BBoxOrder>
    </Service>
    <DataWindow>
        <UpperLeftX>-20037508.34278700</UpperLeftX>
        <UpperLeftY>20037508.34278700</UpperLeftY>
        <LowerRightX>20037508.34278103</LowerRightX>
        <LowerRightY>-20037508.34278103</LowerRightY>
        <SizeX>40075016</SizeX>
        <SizeY>40075016</SizeY>
    </DataWindow>
    <BlockSizeX>512</BlockSizeX>
    <BlockSizeY>512</BlockSizeY>
    <Projection>EPSG:3857</Projection>
    <BandsCount>4</BandsCount>
    <ClampRequests>true</ClampRequests>
    <UserAgent>Mozilla/5.0</UserAgent>
    <Referer>http://maps.rosreestr.ru/PortalOnline/</Referer>
    <ZeroBlockHttpCodes>499,204,404</ZeroBlockHttpCodes>
    <ZeroBlockOnServerException>true</ZeroBlockOnServerException>
</GDAL_WMS>
